year	month	day	home_team	away_team	home_score	away_score	match_type	neutral	elo_change	home_elo	away_elo	_c12	_c13	home_rank	away_rank
1992	06	17	Tajikistan	Uzbekistan	2	2	CAU		10	1410	1690	−	−	95	36
1992	06	28	Uzbekistan	Turkmenistan	2	1	CAU		6	1696	1483	+1	−4	33	81
1992	07	16	Kazakhstan	Uzbekistan	1	0	CAU		20	1618	1676	+5	−4	50	37
1992	08	23	Uzbekistan	Kyrgyzstan	3	0	CAU		2	1678	1198	0	−	36	152
1992	10	03	Kyrgyzstan	Uzbekistan	2	6	CAU		-8	1204	1686	0	+1	151	33
1992	10	14	Uzbekistan	Kazakhstan	1	1	CAU		-10	1676	1611	−1	+1	34	52
1992	10	25	Turkmenistan	Uzbekistan	1	0	CAU		25	1510	1651	+5	−8	73	42
1992	12	02	Malaysia	Uzbekistan	1	1	F		7	1252	1644	+3	−2	138	43
1994	04	11	Uzbekistan	Turkmenistan	4	0	CAU		16	1660	1498	+7	−5	38	78
1994	04	13	Uzbekistan	Kazakhstan	1	0	CAU		12	1672	1610	+1	−4	37	56
1994	04	17	Uzbekistan	Tajikistan	1	1	CAU		-16	1656	1395	−2	+4	39	103
1994	04	19	Uzbekistan	Kyrgyzstan	3	0	CAU		3	1659	1191	0	0	39	156
1994	10	01	Uzbekistan	Saudi Arabia	4	1	ASG	JP	38	1697	1651	+8	−8	30	40
1994	10	03	Uzbekistan	Malaysia	5	0	ASG	JP	6	1703	1258	0	−1	30	140
1994	10	05	Uzbekistan	Hong Kong	1	0	ASG	JP	2	1705	1211	0	0	30	153
1994	10	07	Uzbekistan	Thailand	5	4	ASG	JP	5	1710	1351	0	−2	30	119
1994	10	11	Uzbekistan	Turkmenistan	3	0	ASG	JP	19	1729	1520	+1	−3	29	73
1994	10	13	Uzbekistan	South Korea	1	0	ASG	JP	17	1746	1664	0	−2	28	38
1994	10	16	Uzbekistan	China	4	2	ASG	JP	20	1766	1609	+1	−10	27	55
1995	10	21	Uzbekistan	Nigeria	2	3	AAC		-31	1735	1805	−1	+3	29	23
1995	11	10	Nigeria	Uzbekistan	1	0	AAC		14	1819	1721	0	−1	23	30
1996	05	08	Tajikistan	Uzbekistan	4	0	SQ		60	1435	1661	+15	−9	99	40
1996	06	19	Uzbekistan	Tajikistan	5	0	SQ		11	1672	1424	+2	−3	37	99
1996	09	11	Japan	Uzbekistan	1	0	F		6	1746	1666	+1	−1	26	37
1996	11	19	United Arab Emirates	Uzbekistan	4	2	F		17	1545	1649	+3	−4	68	42
1996	11	22	United Arab Emirates	Uzbekistan	2	0	F		15	1560	1634	+2	−1	66	43
1996	12	06	Uzbekistan	China	2	0	AC	AE	32	1666	1551	+5	−8	39	67
1996	12	09	Japan	Uzbekistan	4	0	AC	AE	35	1794	1631	+3	−8	23	46
1996	12	12	Syria	Uzbekistan	2	1	AC	AE	37	1483	1594	+10	−13	83	58
1997	05	09	Yemen	Uzbekistan	0	1	WQ		-6	1194	1600	−1	+1	158	56
1997	05	25	Uzbekistan	Cambodia	6	0	WQ		1	1601	980	0	−1	56	191
1997	06	01	Indonesia	Uzbekistan	1	1	WQ		12	1265	1589	+1	−3	137	59
1997	06	20	Uzbekistan	Indonesia	3	0	WQ		6	1595	1261	+1	−2	58	138
1997	06	29	Cambodia	Uzbekistan	1	4	WQ		-3	977	1598	−1	+3	192	55
1997	08	24	Uzbekistan	Yemen	5	1	WQ		4	1602	1202	+1	−1	55	152
1997	09	07	Japan	Uzbekistan	6	3	WQ		16	1735	1586	+3	−3	30	58
1997	09	12	South Korea	Uzbekistan	2	1	WQ		10	1694	1576	+3	−5	37	62
1997	09	20	Kazakhstan	Uzbekistan	1	1	WQ		-1	1493	1577	0	0	77	62
1997	09	27	Uzbekistan	United Arab Emirates	2	3	WQ		-25	1552	1607	−4	+7	66	52
1997	10	11	Uzbekistan	Japan	1	1	WQ		3	1555	1695	0	0	65	39
1997	10	18	Uzbekistan	South Korea	1	5	WQ		-30	1525	1760	−8	+4	73	26
1997	10	25	Uzbekistan	Kazakhstan	4	0	WQ		29	1554	1512	+8	−7	65	75
1997	11	02	United Arab Emirates	Uzbekistan	0	0	WQ		-7	1567	1561	0	+3	61	62
1998	04	24	Azerbaijan	Uzbekistan	2	1	F		13	1364	1548	+2	−3	115	65
1998	07	08	China	Uzbekistan	3	1	F		6	1678	1542	+2	−2	41	66
1998	08	15	Thailand	Uzbekistan	4	1	F		18	1444	1524	+6	−4	93	70
1998	11	16	India	Uzbekistan	0	0	F		7	1120	1517	+3	0	169	71
1998	11	19	India	Uzbekistan	0	4	F		-6	1114	1523	−3	0	172	72
1998	12	03	Kuwait	Uzbekistan	3	3	ASG	TH	-10	1697	1533	0	+2	35	70
1998	12	05	Uzbekistan	Mongolia	15	0	ASG	TH	3	1536	890	+2	0	68	198
1998	12	07	Uzbekistan	North Korea	4	0	ASG	TH	33	1569	1458	+6	−11	62	89
1998	12	09	Uzbekistan	India	2	0	ASG	TH	4	1573	1108	+1	0	61	172
1998	12	11	Turkmenistan	Uzbekistan	1	1	ASG	TH	5	1480	1568	+1	−2	79	63
1998	12	14	Iran	Uzbekistan	4	0	ASG	TH	28	1689	1540	+8	−3	40	66
1999	07	11	Uzbekistan	Malaysia	3	0	F		3	1543	1212	0	0	69	152
1999	07	24	Thailand	Uzbekistan	1	0	F		11	1409	1532	+3	−3	103	72
1999	08	18	Uzbekistan	Azerbaijan	5	1	F		6	1538	1324	+1	−1	71	124
1999	11	21	Uzbekistan	Bangladesh	6	0	SQ	AE	5	1543	1035	0	0	69	182
1999	11	23	Uzbekistan	Sri Lanka	6	0	SQ	AE	2	1545	851	+1	−1	68	203
1999	11	25	Uzbekistan	India	3	2	SQ	AE	3	1548	1125	0	0	68	165
1999	11	27	United Arab Emirates	Uzbekistan	0	1	SQ		-24	1486	1572	−7	+7	80	61
2000	02	29	Uzbekistan	Mongolia	8	1	F		0	1572	890	0	0	62	197
2000	05	18	Thailand	Uzbekistan	2	0	F		14	1508	1558	+5	−2	73	63
2000	09	01	Iraq	Uzbekistan	2	0	FT	CN	15	1685	1543	+2	−3	43	67
2000	09	03	Thailand	Uzbekistan	4	2	FT	CN	26	1513	1517	+4	−8	75	74
2000	10	08	Uzbekistan	Turkmenistan	3	0	F		9	1526	1422	+1	−3	74	97
2000	10	14	Qatar	Uzbekistan	1	1	AC	LB	3	1490	1523	0	0	80	73
2000	10	17	Japan	Uzbekistan	8	1	AC	LB	29	1738	1494	+8	−8	30	81
2000	10	20	Saudi Arabia	Uzbekistan	5	0	AC	LB	35	1640	1459	+4	−3	54	84
2001	01	17	Israel	Uzbekistan	2	0	F		4	1679	1455	+2	−3	44	85
2001	02	12	Armenia	Uzbekistan	2	0	AMB	BG	27	1414	1428	+7	−8	103	93
2001	02	15	Uzbekistan	Azerbaijan	2	1	F	BG	6	1434	1260	+2	−1	91	140
2001	04	23	Uzbekistan	Taiwan	7	0	WQ		5	1439	1033	0	0	92	184
2001	04	25	Uzbekistan	Turkmenistan	1	0	WQ		15	1454	1439	+5	−5	87	92
2001	04	27	Uzbekistan	Jordan	2	2	WQ		-7	1447	1426	−3	+4	90	96
2001	05	03	Uzbekistan	Turkmenistan	5	2	WQ	JO	35	1482	1411	+8	−12	82	103
2001	05	05	Uzbekistan	Taiwan	4	0	WQ	JO	5	1487	1011	+3	−1	79	187
2001	05	07	Jordan	Uzbekistan	1	1	WQ		-1	1402	1488	0	+2	104	78
2001	06	22	Uzbekistan	Thailand	1	0	MRD	MY	16	1504	1495	+5	−5	74	76
2001	06	26	Uzbekistan	India	2	1	MRD	MY	3	1507	1127	+1	0	73	167
2001	06	28	Uzbekistan	Bahrain	2	0	MRD	MY	16	1523	1385	+5	−4	68	112
2001	06	30	Uzbekistan	Bosnia and Herzegovina	2	1	MRD	MY	17	1540	1543	+1	−2	67	66
2001	08	17	United Arab Emirates	Uzbekistan	4	1	WQ		33	1492	1507	+10	−7	79	74
2001	08	26	Uzbekistan	Qatar	2	1	WQ		18	1525	1558	+5	−3	69	63
2001	09	08	Uzbekistan	Oman	5	0	WQ		17	1542	1376	+6	−4	64	113
2001	09	15	China	Uzbekistan	2	0	WQ		10	1724	1532	+2	−2	35	67
2001	09	22	Uzbekistan	United Arab Emirates	0	1	WQ		-28	1504	1503	−9	+8	76	77
2001	09	28	Qatar	Uzbekistan	2	2	WQ		-11	1600	1515	−3	+3	57	73
2001	10	13	Oman	Uzbekistan	4	2	WQ		36	1379	1479	+6	−9	113	82
2001	10	19	Uzbekistan	China	1	0	WQ		29	1508	1722	+7	−6	75	37
2002	05	14	Slovakia	Uzbekistan	4	1	F		6	1704	1502	0	−1	40	76
2002	08	21	Azerbaijan	Uzbekistan	2	0	F		19	1328	1483	+1	−11	129	84
2003	04	02	Belarus	Uzbekistan	2	2	F		-5	1555	1488	−1	+2	66	79
2003	04	30	Uzbekistan	Belarus	1	2	F		-11	1477	1566	−4	+3	83	63
2003	08	20	Latvia	Uzbekistan	0	3	F		-22	1454	1499	−4	+10	90	75
2003	10	11	United Arab Emirates	Uzbekistan	2	2	F		0	1402	1499	0	−2	110	79
2003	11	06	Uzbekistan	Hong Kong	4	1	SQ		6	1505	1177	+3	−1	78	158
2003	11	08	Uzbekistan	Thailand	3	0	SQ		18	1523	1405	+6	−5	72	106
2003	11	10	Uzbekistan	Tajikistan	0	0	SQ		-10	1513	1452	−4	+3	76	92
2003	11	17	Uzbekistan	Tajikistan	4	1	SQ	TH	29	1542	1423	+8	−8	70	100
2003	11	19	Uzbekistan	Hong Kong	1	0	SQ	TH	5	1547	1202	+2	0	68	154
2003	11	21	Thailand	Uzbekistan	4	1	SQ		39	1443	1508	+13	−12	95	80
2004	02	18	Uzbekistan	Iraq	1	1	WQ		0	1508	1611	0	−1	78	56
2004	03	31	Taiwan	Uzbekistan	0	1	WQ		-4	1045	1512	−1	+1	185	76
2004	05	28	Azerbaijan	Uzbekistan	3	1	F		18	1369	1494	+3	−4	116	79
2004	06	09	Uzbekistan	Palestine	3	0	WQ		11	1505	1296	+2	−5	78	134
2004	07	18	Uzbekistan	Iraq	1	0	AC	CN	27	1532	1501	+10	−6	71	79
2004	07	22	Uzbekistan	Saudi Arabia	1	0	AC	CN	35	1567	1652	+5	−12	66	48
2004	07	26	Uzbekistan	Turkmenistan	1	0	AC	CN	17	1584	1428	+4	−2	62	100
2004	07	30	Bahrain	Uzbekistan	2	2	AC	CN	-1	1592	1585	0	+1	61	62
2004	09	08	Uzbekistan	Palestine	3	0	WQ	QA	11	1596	1291	+1	−3	63	132
2004	10	13	Uzbekistan	Iraq	2	1	WQ	JO	17	1613	1518	+7	−2	57	75
2004	11	17	Uzbekistan	Taiwan	6	1	WQ		1	1614	1021	+1	0	57	187
2005	02	09	Uzbekistan	Saudi Arabia	1	1	WQ		-8	1606	1573	−3	0	60	68
2005	03	25	Kuwait	Uzbekistan	2	1	WQ		20	1530	1586	+6	−6	73	66
2005	03	30	South Korea	Uzbekistan	2	1	WQ		10	1686	1576	+3	−1	42	67
2005	06	03	Uzbekistan	South Korea	1	1	WQ		1	1577	1685	0	−3	67	46
2005	06	08	Saudi Arabia	Uzbekistan	3	0	WQ		21	1648	1556	+2	−3	52	70
2005	08	17	Uzbekistan	Kuwait	3	2	WQ		10	1566	1447	+4	−4	66	96
2005	09	03	Uzbekistan	Bahrain	1	0	WQ		14	1580	1547	+3	0	62	68
2005	10	08	Uzbekistan	Bahrain	1	1	WQ		-7	1573	1554	−3	+1	64	67
2005	10	12	Bahrain	Uzbekistan	0	0	WQ		-5	1549	1578	−3	0	70	65
2006	02	22	Uzbekistan	Bangladesh	5	0	SQ		2	1580	1050	+1	0	61	181
2006	03	01	Qatar	Uzbekistan	2	1	SQ		16	1558	1564	+2	−6	70	68
2006	08	16	Uzbekistan	Hong Kong	2	2	SQ		-17	1547	1234	−4	+7	72	144
2006	09	02	Thailand	Uzbekistan	0	1	F		-7	1330	1554	+1	+3	120	70
2006	09	06	Hong Kong	Uzbekistan	0	0	SQ		11	1245	1543	+3	−3	141	74
2006	10	11	Bangladesh	Uzbekistan	0	4	SQ		-6	1016	1549	0	+1	185	74
2006	11	15	Uzbekistan	Qatar	2	0	SQ		23	1572	1547	+11	−8	65	75
2007	02	07	Uzbekistan	Azerbaijan	0	0	F		-7	1565	1358	−5	+1	68	114
2007	03	07	Azerbaijan	Uzbekistan	1	0	ATV	KZ	23	1381	1542	+6	−7	107	76
2007	03	09	Uzbekistan	Kyrgyzstan	6	0	ATV	KZ	8	1550	1184	+4	−2	72	160
2007	03	11	Kazakhstan	Uzbekistan	1	1	ATV		4	1350	1546	+2	0	115	72
2007	03	24	Taiwan	Uzbekistan	0	1	F		-1	936	1547	−1	−1	194	73
2007	03	27	China	Uzbekistan	3	1	F	MO	13	1606	1534	+6	−6	55	79
2007	07	02	Uzbekistan	Iraq	2	0	F	KR	18	1552	1593	+5	−3	69	60
2007	07	05	South Korea	Uzbekistan	2	1	F		4	1687	1548	0	−1	43	70
2007	07	11	Iran	Uzbekistan	2	1	AC	MY	10	1809	1538	+1	−4	19	74
2007	07	14	Malaysia	Uzbekistan	0	5	AC		-17	1148	1555	−3	+5	170	69
2007	07	18	Uzbekistan	China	3	0	AC	MY	51	1606	1562	+10	−9	59	67
2007	07	22	Saudi Arabia	Uzbekistan	2	1	AC	ID	22	1670	1584	+5	−2	43	61
2007	08	22	Ukraine	Uzbekistan	2	1	F		3	1806	1581	0	−2	19	63
2007	10	13	Uzbekistan	Taiwan	9	0	WQ		2	1583	994	0	−1	62	188
2007	10	28	Taiwan	Uzbekistan	0	2	WQ		-3	991	1586	0	0	188	62
2007	11	21	Uzbekistan	Estonia	0	0	F		-7	1579	1400	−1	0	61	107
2007	12	22	Thailand	Uzbekistan	3	2	KNG		18	1426	1561	+2	−7	101	68
2007	12	24	North Korea	Uzbekistan	2	2	KNG	TH	4	1480	1557	0	−1	89	69
2008	02	06	Lebanon	Uzbekistan	0	1	WQ		-13	1320	1570	−4	+6	125	64
2008	03	22	Uzbekistan	Jordan	4	1	F		9	1579	1484	+2	−3	61	90
2008	03	26	Uzbekistan	Saudi Arabia	3	0	WQ		33	1612	1623	+6	−7	55	53
2008	06	02	Singapore	Uzbekistan	3	7	WQ		-24	1356	1636	−4	+4	114	50
2008	06	07	Uzbekistan	Singapore	1	0	WQ		4	1640	1352	+1	0	49	114
2008	06	14	Uzbekistan	Lebanon	3	0	WQ		5	1645	1305	0	−3	49	127
2008	06	22	Saudi Arabia	Uzbekistan	4	0	WQ		26	1681	1619	+4	−3	43	53
2008	08	20	Oman	Uzbekistan	2	0	F		17	1494	1602	+4	−3	89	56
2008	08	29	Uzbekistan	North Korea	0	0	F		-5	1597	1527	−1	0	57	80
2008	09	06	Qatar	Uzbekistan	3	0	WQ		35	1536	1562	+8	−10	79	67
2008	09	10	Uzbekistan	Australia	0	1	WQ		-17	1545	1732	−4	+4	72	35
2008	10	11	South Korea	Uzbekistan	3	0	F		7	1679	1538	0	−5	45	77
2008	10	15	Japan	Uzbekistan	1	1	WQ		-15	1747	1553	−4	+7	32	70
2009	01	28	United Arab Emirates	Uzbekistan	0	1	SQ		-19	1423	1572	−5	+5	103	64
2009	02	01	Azerbaijan	Uzbekistan	1	1	F	AE	5	1373	1567	+1	−1	118	66
2009	02	11	Uzbekistan	Bahrain	0	1	WQ		-26	1541	1583	−8	+9	74	62
2009	03	28	Uzbekistan	Qatar	4	0	WQ		26	1567	1503	+6	−7	68	84
2009	04	01	Australia	Uzbekistan	2	0	WQ		12	1721	1555	+3	−2	38	70
2009	06	01	Uzbekistan	Bosnia and Herzegovina	0	0	F		-1	1554	1633	0	0	70	54
2009	06	06	Uzbekistan	Japan	0	1	WQ		-13	1541	1803	−5	+3	75	20
2009	06	17	Bahrain	Uzbekistan	1	0	WQ		12	1600	1529	+2	−8	59	81
2009	09	05	Uzbekistan	Iran	0	0	F		2	1531	1699	+1	−1	80	44
2009	11	14	Uzbekistan	Malaysia	3	1	SQ		4	1535	1169	+2	−1	78	163
2009	11	18	Malaysia	Uzbekistan	1	3	SQ		-11	1158	1546	−3	+2	166	76
2010	03	03	Uzbekistan	United Arab Emirates	0	1	SQ		-32	1514	1432	−11	+4	87	106
2010	05	25	Armenia	Uzbekistan	3	1	F		17	1390	1497	+2	−2	112	89
2010	08	11	Albania	Uzbekistan	1	0	F		7	1530	1490	+4	−1	80	89
2010	09	07	Estonia	Uzbekistan	3	3	F		-2	1459	1492	0	+1	94	89
2010	10	09	Saudi Arabia	Uzbekistan	4	0	F		6	1693	1486	0	−2	42	91
2010	10	12	Bahrain	Uzbekistan	2	4	F		-22	1538	1508	−4	+4	78	86
2010	12	25	Bahrain	Uzbekistan	1	1	F	AE	1	1466	1507	0	0	97	86
2011	01	02	Jordan	Uzbekistan	2	2	F	AE	1	1472	1506	−1	0	95	85
2011	01	07	Qatar	Uzbekistan	0	2	AC		-49	1470	1555	−13	+11	95	74
2011	01	12	Uzbekistan	Kuwait	2	1	AC	QA	28	1583	1570	+10	−8	63	68
2011	01	16	China	Uzbekistan	2	2	AC	QA	-3	1623	1586	0	0	54	62
2011	01	21	Uzbekistan	Jordan	2	1	AC	QA	22	1608	1528	+7	−3	56	80
2011	01	25	Australia	Uzbekistan	6	0	AC	QA	27	1818	1581	+6	−7	14	63
2011	01	28	South Korea	Uzbekistan	3	2	AC	QA	12	1791	1569	+1	−5	21	68
2011	03	25	Montenegro	Uzbekistan	1	0	F		4	1720	1565	+2	0	35	69
2011	06	01	Ukraine	Uzbekistan	2	0	F		4	1792	1561	0	0	19	68
2011	06	05	China	Uzbekistan	1	0	F		5	1645	1556	−1	−2	51	69
2011	07	23	Uzbekistan	Kyrgyzstan	4	0	WQ		4	1560	1139	0	−2	68	170
2011	07	28	Kyrgyzstan	Uzbekistan	0	3	WQ		-10	1129	1570	0	+3	170	65
2011	09	02	Tajikistan	Uzbekistan	0	1	WQ		-10	1259	1580	−5	+1	141	64
2011	09	06	Uzbekistan	Japan	1	1	WQ		8	1588	1827	+1	−2	62	16
2011	10	11	North Korea	Uzbekistan	0	1	WQ		-21	1477	1609	−7	+6	93	57
2011	11	11	Uzbekistan	North Korea	1	0	WQ		8	1617	1469	+1	+1	56	93
2011	11	15	Uzbekistan	Tajikistan	3	0	WQ		4	1621	1243	0	−1	56	143
2012	01	17	Kuwait	Uzbekistan	1	0	F		8	1589	1613	+4	0	60	56
2012	01	29	United Arab Emirates	Uzbekistan	1	0	F		14	1398	1599	+2	−3	108	58
2012	02	25	South Korea	Uzbekistan	4	2	F		5	1772	1594	0	0	25	58
2012	02	29	Japan	Uzbekistan	0	1	WQ		-34	1769	1628	−8	+1	27	57
2012	06	03	Uzbekistan	Iran	0	1	WQ		-21	1607	1732	−1	+5	57	33
2012	06	08	Lebanon	Uzbekistan	1	1	WQ		11	1310	1596	+5	−2	129	59
2012	08	13	Jordan	Uzbekistan	0	1	F		-11	1536	1607	−4	+4	79	59
2012	08	15	Jordan	Uzbekistan	2	0	F		14	1550	1593	+4	−6	75	65
2012	09	07	Uzbekistan	Kuwait	3	0	F		11	1604	1545	+3	−2	62	74
2012	09	11	Uzbekistan	South Korea	2	2	WQ		5	1609	1796	+2	−2	58	22
2012	10	12	United Arab Emirates	Uzbekistan	2	2	F		2	1441	1607	+1	0	99	58
2012	10	16	Qatar	Uzbekistan	0	1	WQ		-19	1469	1626	−5	+3	94	54
2012	11	14	Iran	Uzbekistan	0	1	WQ		-29	1672	1655	−6	+7	44	47
2013	02	01	Azerbaijan	Uzbekistan	0	0	F	AE	6	1415	1649	+1	−1	107	48
2013	02	06	Uzbekistan	Hong Kong	0	0	SQ		-19	1630	1188	0	+3	49	160
2013	03	22	United Arab Emirates	Uzbekistan	2	1	SQ		16	1614	1614	+3	−4	53	53
2013	03	26	Uzbekistan	Lebanon	1	0	WQ		4	1618	1349	+1	−3	53	125
2013	06	06	China	Uzbekistan	1	2	F		-13	1596	1631	−1	+2	59	50
2013	06	11	South Korea	Uzbekistan	1	0	WQ		9	1748	1622	+1	−1	31	53
2013	06	18	Uzbekistan	Qatar	5	1	WQ		14	1636	1452	0	−6	53	99
2013	09	06	Jordan	Uzbekistan	1	1	WQ		-2	1562	1638	0	0	68	51
2013	09	10	Uzbekistan	Jordan	1	1	WQ		-9	1629	1571	−3	+6	54	64
2013	10	15	Uzbekistan	Vietnam	3	1	SQ		3	1632	1233	+1	−3	54	150
2013	11	15	Vietnam	Uzbekistan	0	3	SQ		-11	1222	1643	0	+4	150	50
2013	11	19	Hong Kong	Uzbekistan	0	2	SQ		-7	1180	1650	0	+1	161	49
2014	03	05	Uzbekistan	United Arab Emirates	1	1	SQ		-6	1644	1656	−2	+1	51	48
2014	05	27	Uzbekistan	Oman	0	1	F		-15	1629	1579	−3	+4	53	64
2014	05	29	Uzbekistan	Oman	0	1	F		-14	1615	1593	−1	+3	54	61
2014	08	20	Azerbaijan	Uzbekistan	0	0	F		2	1445	1613	0	0	103	56
2014	09	04	Uzbekistan	Jordan	2	0	F		10	1623	1590	+3	−3	53	61
2014	09	08	Uzbekistan	New Zealand	3	1	F		8	1631	1533	+2	−2	52	76
2014	10	06	Qatar	Uzbekistan	3	0	F		17	1549	1614	+4	−4	74	56
2014	10	10	Bahrain	Uzbekistan	0	0	F	AE	4	1489	1610	+1	−1	89	57
2014	10	14	United Arab Emirates	Uzbekistan	0	4	F		-26	1621	1636	−7	+7	58	52
2014	12	13	Uzbekistan	Palestine	1	0	F	AE	3	1639	1334	+1	0	51	125
2014	12	21	Uzbekistan	Jordan	2	1	F	AE	8	1647	1543	+1	−6	50	74
2014	12	25	Uzbekistan	Iraq	1	0	F	AE	6	1653	1508	+1	−1	49	83
2014	12	28	Iraq	Uzbekistan	0	0	F	AE	4	1512	1649	0	−1	83	50
2015	01	10	Uzbekistan	North Korea	1	0	AC	AU	17	1666	1515	+3	−5	47	81
2015	01	14	China	Uzbekistan	2	1	AC	AU	31	1619	1635	+5	−5	59	54
2015	01	18	Uzbekistan	Saudi Arabia	3	1	AC	AU	23	1658	1475	+4	−5	50	92
2015	01	22	South Korea	Uzbekistan	2	0	AC	AU	32	1739	1626	+9	−7	28	56
2015	03	27	South Korea	Uzbekistan	1	1	F		-5	1731	1631	−1	+2	33	53
2015	03	31	Japan	Uzbekistan	5	1	F		8	1771	1623	+1	0	24	54
2015	06	11	Uzbekistan	Iran	0	1	F		-10	1613	1749	−3	0	57	28
2015	06	16	North Korea	Uzbekistan	4	2	WQS		34	1499	1579	+10	−7	84	62
2015	09	03	Uzbekistan	Yemen	1	0	WQS		2	1581	1172	+2	0	62	166
2015	09	08	Philippines	Uzbekistan	1	5	WQS		-18	1267	1599	−3	+4	138	60
2015	10	08	Bahrain	Uzbekistan	0	4	WQS		-32	1416	1631	−9	+9	107	51
2015	11	12	Uzbekistan	North Korea	3	1	WQS		15	1646	1519	+4	−3	48	77
2015	11	17	Uzbekistan	Yemen	3	1	WQS	QA	4	1650	1183	0	−2	46	165
2016	02	14	Uzbekistan	Lebanon	2	0	F	AE	6	1656	1387	0	−1	46	111
2016	03	24	Uzbekistan	Philippines	1	0	WQS		2	1658	1238	0	0	46	149
2016	03	29	Uzbekistan	Bahrain	1	0	WQS		5	1663	1427	+2	+1	44	101
2016	06	07	Canada	Uzbekistan	2	1	F	AT	14	1521	1649	+2	−2	79	47
2016	07	24	Uzbekistan	Iraq	2	1	F		4	1653	1500	0	−2	48	84
2016	08	24	Uzbekistan	Burkina Faso	1	0	F		3	1656	1457	+1	0	47	95
2016	09	01	Uzbekistan	Syria	1	0	WQ		8	1664	1501	+1	−1	46	83
2016	09	06	Qatar	Uzbekistan	0	1	WQ		-19	1533	1683	−5	+2	76	45
2016	10	06	Uzbekistan	Iran	0	1	WQ		-22	1661	1771	−2	+3	47	25
2016	10	11	Uzbekistan	China	2	0	WQ		13	1674	1527	+3	−1	45	75
2016	11	10	Uzbekistan	Jordan	1	0	F		4	1678	1510	0	0	45	80
2016	11	15	South Korea	Uzbekistan	2	1	WQ		10	1790	1668	+2	−2	22	47
2017	01	23	Georgia	Uzbekistan	2	2	F	AE	5	1477	1663	+1	−2	86	49
2017	03	23	Syria	Uzbekistan	1	0	WQ	MY	27	1571	1636	+5	−4	68	53
2017	03	28	Uzbekistan	Qatar	1	0	WQ		9	1645	1513	+1	−3	52	81
2017	06	06	Uzbekistan	Thailand	2	0	F		3	1648	1386	0	−1	52	111
2017	06	12	Iran	Uzbekistan	2	0	WQ		12	1794	1636	+1	−1	22	53
2017	08	25	Uzbekistan	Kyrgyzstan	5	0	F		2	1638	1210	0	−1	52	161
2017	08	31	China	Uzbekistan	1	0	WQ		19	1567	1619	+5	−3	68	55
2017	09	05	Uzbekistan	South Korea	0	0	WQ		1	1620	1730	+1	0	55	34
2017	11	14	United Arab Emirates	Uzbekistan	1	0	F		10	1539	1610	+2	−5	72	59
2018	03	23	Senegal	Uzbekistan	1	1	F	MA	-4	1743	1614	−3	+4	31	54
2018	03	27	Morocco	Uzbekistan	2	0	F		8	1709	1606	+1	−5	41	59
2018	05	19	Iran	Uzbekistan	1	0	F		3	1797	1603	0	−1	20	60
2018	06	07	Uruguay	Uzbekistan	3	0	F		3	1892	1600	+1	0	12	58
2018	09	06	Uzbekistan	Syria	1	1	F		-3	1597	1610	−1	+1	58	54
2018	09	11	Uzbekistan	Iran	0	1	F		-7	1590	1823	−1	0	58	18
2018	10	13	Uzbekistan	North Korea	2	0	F		6	1596	1451	0	−2	57	94
2018	10	16	Uzbekistan	Qatar	2	0	F		8	1604	1507	+1	−1	57	78
2018	11	15	Lebanon	Uzbekistan	0	0	F	AU	4	1467	1600	+2	0	87	57
2018	11	20	South Korea	Uzbekistan	4	0	F	AU	10	1783	1590	+2	−2	22	60
2019	01	09	Uzbekistan	Oman	2	1	AC	AE	21	1611	1516	+6	−5	55	79
2019	01	13	Uzbekistan	Turkmenistan	4	0	AC	AE	10	1621	1240	+3	−1	53	152
2019	01	17	Japan	Uzbekistan	2	1	AC	AE	17	1761	1604	+7	−5	27	58
2019	01	21	Australia	Uzbekistan	0	0	AC	AE	-8	1713	1612	−1	+2	41	56
2019	03	22	Uruguay	Uzbekistan	3	0	CHN	CN	8	1929	1604	+1	−1	10	56
2019	03	25	China	Uzbekistan	0	1	CHN		-15	1480	1619	−4	+4	88	53
2019	06	02	Turkey	Uzbekistan	2	0	F		7	1730	1612	0	−1	36	56
2019	06	07	Uzbekistan	North Korea	4	0	F		4	1616	1328	+1	−7	55	131
2019	06	11	Uzbekistan	Syria	2	0	F		8	1624	1519	0	−3	53	77
2019	09	05	Palestine	Uzbekistan	2	0	WQS		38	1461	1586	+11	−7	89	60
2019	09	09	Iraq	Uzbekistan	0	0	F	JO	1	1569	1585	0	0	66	60
2019	10	10	Uzbekistan	Yemen	5	0	WQS		5	1590	1202	+3	0	58	157
2019	10	15	Singapore	Uzbekistan	1	3	WQS		-7	1136	1597	−3	0	176	57
2019	11	09	Uzbekistan	Kyrgyzstan	3	1	F		3	1600	1287	0	0	57	137
2019	11	14	Uzbekistan	Saudi Arabia	2	3	WQS		-31	1569	1517	−6	+9	63	75
2019	11	19	Uzbekistan	Palestine	2	0	WQS		10	1579	1385	+2	−3	63	109
2020	02	23	Belarus	Uzbekistan	1	0	F	AE	12	1505	1567	+4	−2	79	65
2020	09	03	Uzbekistan	Tajikistan	2	1	F		2	1569	1235	0	−1	64	149
2020	10	08	Uzbekistan	Iran	1	2	F		-8	1561	1747	−3	+5	67	29
2020	10	12	United Arab Emirates	Uzbekistan	1	2	F		-10	1441	1571	−4	+3	96	64
2020	11	12	Syria	Uzbekistan	1	0	F	AE	12	1496	1559	+3	0	81	66
2020	11	17	Iraq	Uzbekistan	2	1	F	AE	8	1627	1551	+5	−1	51	70
2021	02	15	Uzbekistan	Jordan	2	0	F	AE	12	1563	1467	+3	−2	68	89
2021	03	29	Uzbekistan	Iraq	0	1	F		-11	1552	1638	−5	+2	71	50
2021	05	26	Uzbekistan	Turkmenistan	2	1	F		2	1554	1267	+1	−1	69	141
2021	05	30	Uzbekistan	Thailand	4	1	F	AE	8	1562	1343	+1	−3	68	126
2021	06	07	Uzbekistan	Singapore	5	0	WQS	SA	7	1569	1138	+2	−1	66	174
2021	06	11	Uzbekistan	Yemen	1	0	WQS	SA	4	1573	1201	0	0	66	158
2021	06	15	Saudi Arabia	Uzbekistan	3	0	WQS		24	1606	1549	+5	−4	58	70
2021	09	05	Sweden	Uzbekistan	2	1	F		1	1887	1548	0	−1	16	72
2021	10	09	Uzbekistan	Malaysia	5	1	FT	JO	7	1555	1193	+1	−2	71	159
2021	10	12	Jordan	Uzbekistan	3	0	FT		24	1504	1531	+2	−3	81	74
2021	11	15	Georgia	Uzbekistan	1	0	F		7	1549	1524	+2	−2	70	75
2022	01	27	Uzbekistan	South Sudan	3	0	F	AE	3	1527	1081	+2	−1	73	181
2022	03	25	Uzbekistan	Kyrgyzstan	3	1	NRZ		5	1532	1275	+1	−1	73	139
2022	03	29	Uzbekistan	Uganda	4	2	NRZ		11	1543	1431	+2	−1	71	96
2022	06	08	Uzbekistan	Sri Lanka	3	0	SQ		0	1543	690	−1	0	72	221
2022	06	11	Uzbekistan	Maldives	4	0	SQ		1	1544	907	0	0	72	197
2022	06	14	Uzbekistan	Thailand	2	0	SQ		12	1556	1393	+2	−1	69	104
2022	09	23	Uzbekistan	Cameroon	2	0	F	KR	18	1574	1614	+3	−3	67	60
2022	09	27	Costa Rica	Uzbekistan	2	1	F	KR	6	1736	1568	+1	−1	35	66
2022	11	16	Uzbekistan	Kazakhstan	2	0	F		5	1573	1396	+1	−1	65	101
2022	11	20	Uzbekistan	Russia	0	0	F		2	1575	1754	0	+1	65	32
2023	03	24	Uzbekistan	Bolivia	1	0	F	SA	11	1586	1606	+1	−2	65	60
2023	03	28	Uzbekistan	Venezuela	1	1	F	SA	3	1589	1691	0	0	66	44
2023	06	11	Uzbekistan	Oman	3	0	CNU		26	1615	1575	+9	−7	57	66
2023	06	14	Uzbekistan	Turkmenistan	2	0	CNU		4	1619	1245	+1	−2	56	150
2023	06	17	Uzbekistan	Tajikistan	5	1	CNU		7	1626	1326	+1	0	54	124
2023	06	20	Uzbekistan	Iran	0	1	CNU		-17	1609	1802	−5	+3	60	25
2023	09	09	United States	Uzbekistan	3	0	F		5	1810	1604	+1	−1	25	60
2023	09	12	Mexico	Uzbekistan	3	3	F	US	-6	1832	1610	+1	0	20	60
2023	10	13	Uzbekistan	Vietnam	2	0	F	CN	7	1617	1398	+4	+1	56	106
2023	10	16	China	Uzbekistan	1	2	F		-9	1458	1626	−1	+2	89	54
2023	11	16	Turkmenistan	Uzbekistan	1	3	WQS		-9	1225	1635	0	+4	155	51
2023	11	21	Uzbekistan	Iran	2	2	WQS		5	1640	1827	+1	−1	52	20
2023	12	25	Uzbekistan	Kyrgyzstan	4	1	F	AE	3	1643	1254	+2	−2	50	154
2024	01	07	Uzbekistan	Palestine	1	0	F	QA	4	1647	1405	+1	−2	50	103
2024	01	13	Syria	Uzbekistan	0	0	AC	QA	14	1432	1633	+4	−3	96	53
2024	01	18	Uzbekistan	India	3	0	AC	QA	9	1642	1250	+3	−3	51	153
2024	01	23	Australia	Uzbekistan	1	1	AC	QA	-10	1786	1652	−3	+2	27	50
2024	01	30	Uzbekistan	Thailand	2	1	AC	QA	11	1663	1420	+2	−1	47	101
2024	02	03	Qatar	Uzbekistan	1	1	AC		0	1564	1663	−1	0	68	47
2024	03	21	Hong Kong	Uzbekistan	0	2	WQS		-3	1059	1666	−1	0	180	47
2024	03	26	Uzbekistan	Hong Kong	3	0	WQS		1	1667	1058	+2	0	46	180
2024	06	06	Uzbekistan	Turkmenistan	3	1	WQS		2	1669	1218	0	0	46	159
2024	06	11	Iran	Uzbekistan	0	0	WQS		-12	1808	1681	0	+3	20	44
2024	09	05	Uzbekistan	North Korea	1	0	WQ		4	1685	1397	+1	−2	45	106
2024	09	10	Kyrgyzstan	Uzbekistan	2	3	WQ		-6	1275	1691	−1	0	145	47
2024	10	10	Uzbekistan	Iran	0	0	WQ		2	1693	1818	0	0	47	19
2024	10	15	Uzbekistan	United Arab Emirates	1	0	WQ		7	1700	1519	0	−2	47	79
2024	11	14	Qatar	Uzbekistan	3	2	WQ		22	1587	1678	+4	−2	64	49
2024	11	19	Uzbekistan	North Korea	1	0	WQ	LA	6	1684	1387	0	−8	49	114
2025	01	27	Jordan	Uzbekistan	0	0	F	QA	2	1619	1682	0	0	54	49
2025	03	20	Uzbekistan	Kyrgyzstan	1	0	WQ		2	1684	1279	0	−2	49	144
2025	03	25	Iran	Uzbekistan	2	2	WQ		-13	1830	1697	−4	+1	20	47
2025	06	05	United Arab Emirates	Uzbekistan	0	0	WQ		3	1544	1694	0	0	72	47
2025	06	10	Uzbekistan	Qatar	3	0	WQ		13	1707	1517	+5	−2	42	78
2025	08	30	Uzbekistan	Oman	1	1	CNU		-14	1693	1515	−3	+2	45	79
2025	09	02	Uzbekistan	Turkmenistan	2	1	CNU		2	1695	1254	0	−1	45	152
2025	09	05	Uzbekistan	Kyrgyzstan	4	0	CNU		4	1699	1313	+2	+1	44	133
2025	09	08	Uzbekistan	Iran	1	0	CNU		19	1718	1768	+5	−3	41	32
2025	10	09	Uzbekistan	Kuwait	2	0	F		1	1719	1292	0	−2	39	142
2025	10	13	Uruguay	Uzbekistan	2	1	F	MY	5	1913	1714	0	0	12	39
2025	11	14	Uzbekistan	Egypt	2	0	FT	AE	20	1734	1648	+4	−2	36	54
2025	11	18	Iran	Uzbekistan	0	0	FT	AE	-1	1755	1735	−1	0	33	36
2026	01	26	China	Uzbekistan	2	2	F	AE	7	1409	1728	+3	−4	99	40
2026	03	27	Uzbekistan	Gabon	3	1	FFS		4	1732	1401	0	−1	40	102
2026	03	30	Uzbekistan	Venezuela	0	0	FFS		-5	1727	1727	−1	+3	40	40
2026	06	01	Canada	Uzbekistan	2	0	F		9	1793	1718	+1	−1	25	40
